{
    "items": [
        {
            "name": "GlobalComponents",
            "folderColor": {
                "r": 0.49803924560546877,
                "g": 0.8392157554626465,
                "b": 0.988235354423523,
                "a": 1.0
            },
            "folderImageType": 0
        }
    ]
}